"","insectivorous","piscivorous","planktivorous","predacious","predacious/piscivorous"
"Prey.mass.means",-2.97649490953736,1.63552827510992,-12.2973266641226,-3.3992920045753,2.41088614444964
"Predator.mass.means",-0.19768531886863,7.71223438647515,-2.8444155291803,4.77986971956941,6.06403752213459
"PreyPred.mass.means",-2.77880959066873,-6.07670611136523,-9.45291113494234,-8.1791617241447,-3.65315137768494
"Prey.mass.median",-3.11903048989848,1.81807677754543,-13.9524764130374,-1.52326021619305,2.61006979274201
"Predator.mass.median",-3.11903048989848,1.81807677754543,-13.9524764130374,-1.52326021619305,2.61006979274201
"PreyPred.mass.median",-2.77880959066873,-6.07670611136523,-9.45291113494234,-8.1791617241447,-3.65315137768494
